<?xml version="1.0" encoding="UTF-8"?>
<project-private xmlns="http://www.netbeans.org/ns/project-private/1">
    <editor-bookmarks xmlns="http://www.netbeans.org/ns/editor-bookmarks/2" lastBookmarkId="0"/>
    <open-files xmlns="http://www.netbeans.org/ns/projectui-open-files/2">
        <group>
            <file>file:/C:/Users/juanm/Downloads/Cuestionario/src/TDA/Preguntas.java</file>
            <file>file:/C:/Users/juanm/Downloads/Cuestionario/src/Interfaz/Ventana.java</file>
            <file>file:/C:/Users/juanm/Downloads/Cuestionario/src/TDA/Graficas.java</file>
            <file>file:/C:/Users/juanm/Downloads/Cuestionario/src/Cuestionario/cuestionario.java</file>
            <file>file:/C:/Users/juanm/Downloads/Cuestionario/src/TDA/Almacenar.java</file>
        </group>
    </open-files>
</project-private>
